,Count,Percentage
A,44,9.670329670329672
C,8,1.7582417582417582
D,18,3.9560439560439558
E,38,8.35164835164835
F,15,3.296703296703297
G,40,8.791208791208792
H,9,1.9780219780219779
I,20,4.395604395604396
K,16,3.5164835164835164
L,45,9.89010989010989
M,9,1.9780219780219779
N,5,1.098901098901099
P,24,5.274725274725275
Q,18,3.9560439560439558
R,39,8.571428571428571
S,31,6.813186813186813
T,23,5.054945054945055
V,33,7.252747252747254
W,6,1.3186813186813187
Y,14,3.076923076923077
